Country,Year,GDP (constant 2015 US$),Gross fixed capital formation (constant 2015 US$),Population,Hours per Person,Hours per Year,GDP per Hour,Capital,Capital_Previous_Year
Austria,1996,2.73E+11,71295172525,7959017,"1,683",13395025611,20.38125743,1.32E+11,68988476364
Austria,1997,2.79E+11,71641106440,7968041,"1,691",13473957331,20.69664817,1.88E+11,1.32E+11
Austria,1998,2.89E+11,74041098211,7976789,"1,671",13329214419,21.65215385,2.39E+11,1.88E+11
Austria,1999,2.99E+11,75085403920,7992324,"1,675",13387142700,22.3694746,2.86E+11,2.39E+11
Austria,2000,3.09E+11,79212568861,8011566,"1,675",13419373050,23.02751394,3.31E+11,2.86E+11
Austria,2001,3.13E+11,78414771398,8042293,"1,663",13374333259,23.40935287,3.69E+11,3.31E+11
Austria,2002,3.18E+11,75925035566,8081957,"1,661",13424130577,23.66870717,4.01E+11,3.69E+11
Austria,2003,3.21E+11,78905329208,8121423,"1,652",13416590796,23.9523539,4.32E+11,4.01E+11
Austria,2004,3.3E+11,79811284207,8171966,"1,655",13524603730,24.37059257,4.6E+11,4.32E+11
Austria,2005,3.37E+11,80122566924,8227829,"1,632",13427816928,25.11581692,4.85E+11,4.6E+11
Austria,2006,3.48E+11,81191066671,8268641,"1,617",13370392497,26.04833381,5.08E+11,4.85E+11
Austria,2007,3.61E+11,84847724919,8295487,"1,606",13322552122,27.12878597,5.32E+11,5.08E+11
Austria,2008,3.67E+11,86349984292,8321496,"1,599",13306072104,27.55713836,5.54E+11,5.32E+11
Austria,2009,3.54E+11,80259416463,8343323,"1,558",12998897234,27.19671106,5.68E+11,5.54E+11
Austria,2010,3.6E+11,78274983869,8363404,"1,552",12980003008,27.72899966,5.78E+11,5.68E+11
Austria,2011,3.7E+11,83320835469,8391643,"1,557",13065788151,28.35336914,5.92E+11,5.78E+11
Austria,2012,3.73E+11,84383540230,8429991,"1,535",12940036185,28.80876873,6.05E+11,5.92E+11
Austria,2013,3.72E+11,85430081607,8479823,"1,520",12889330960,28.84958391,6.18E+11,6.05E+11
Austria,2014,3.75E+11,85152793255,8546356,"1,510",12904997560,29.03234085,6.29E+11,6.18E+11
Austria,2015,3.8E+11,86900730958,8642699,"1,495",12920835005,29.37473446,6.41E+11,6.29E+11
Austria,2016,3.88E+11,90841294692,8736668,"1,507",13166158676,29.43773742,6.55E+11,6.41E+11
Austria,2017,3.96E+11,94629426889,8797566,"1,498",13178753868,30.07786294,6.71E+11,6.55E+11
Austria,2018,4.06E+11,98806173742,8840521,"1,502",13278462542,30.59359647,6.89E+11,6.71E+11
Austria,2019,4.13E+11,1.03E+11,8879920,"1,510",13408679200,30.82818698,7.09E+11,6.89E+11
Austria,2020,3.87E+11,97526452698,8916864,"1,400",12483609600,31.0204988,7.22E+11,7.09E+11
Austria,2021,4.06E+11,1.03E+11,8955797,"1,437",12869480289,31.53333264,7.38E+11,7.22E+11
Austria,2022,4.27E+11,1.04E+11,9041851,"1,435",12975056185,32.92750494,7.54E+11,7.38E+11
Belgium,1981,2.41E+11,46855938740,9858982,"1,683",16596610299,14.53284249,95700000000,55489690964
Belgium,1982,2.43E+11,44959244206,9856303,"1,669",16450169707,14.74945314,1.29E+11,95700000000
Belgium,1983,2.43E+11,42592169463,9855520,"1,675",16507010448,14.74450112,1.56E+11,1.29E+11
Belgium,1984,2.49E+11,43544731769,9855372,"1,699",16744277028,14.89407422,1.81E+11,1.56E+11
Belgium,1985,2.54E+11,45443111654,9858308,"1,705",16808415140,15.08232136,2.05E+11,1.81E+11
Belgium,1986,2.58E+11,46891343296,9861823,"1,685",16617171755,15.53397932,2.27E+11,2.05E+11
Belgium,1987,2.64E+11,49192666087,9870234,"1,670",16482303757,16.02233547,2.49E+11,2.27E+11
Belgium,1988,2.77E+11,57101459260,9901664,"1,658",16415968746,16.84690629,2.76E+11,2.49E+11
Belgium,1989,2.86E+11,63715444233,9937697,"1,649",16386268583,17.4629479,3.07E+11,2.76E+11
Belgium,1990,2.95E+11,69162749772,9967379,"1,663",16574754539,17.80601406,3.39E+11,3.07E+11
Belgium,1991,3.01E+11,66279774835,10004486,"1,626",16265293339,18.47739628,3.65E+11,3.39E+11
Belgium,1992,3.05E+11,66971014680,10045158,"1,603",16099374727,18.95356244,3.88E+11,3.65E+11
Belgium,1993,3.02E+11,65281691433,10084475,"1,559",15717662735,19.22712332,4.07E+11,3.88E+11
Belgium,1994,3.12E+11,65524468387,10115603,"1,559",15766178836,19.78650163,4.23E+11,4.07E+11
Belgium,1995,3.19E+11,67761725684,10136811,"1,578",15995887758,19.96744147,4.4E+11,4.23E+11
Belgium,1996,3.24E+11,68136508043,10156637,"1,575",15996703275,20.23026631,4.56E+11,4.4E+11
Belgium,1997,3.36E+11,72701202736,10181245,"1,582",16106729590,20.85429901,4.74E+11,4.56E+11
Belgium,1998,3.42E+11,74338336715,10203008,"1,574",16059534592,21.32591332,4.91E+11,4.74E+11
Belgium,1999,3.55E+11,77382635936,10226419,"1,575",16106609925,22.01689217,5.1E+11,4.91E+11
Belgium,2000,3.68E+11,81227904718,10251250,"1,589",16289236250,22.57917898,5.3E+11,5.1E+11
Belgium,2001,3.72E+11,82548779814,10286570,"1,581",16263067170,22.86419236,5.49E+11,5.3E+11
Belgium,2002,3.78E+11,79139193445,10332785,"1,594",16470459290,22.96164526,5.62E+11,5.49E+11
Belgium,2003,3.82E+11,79034840429,10376133,"1,598",16581060534,23.04522523,5.74E+11,5.62E+11
Belgium,2004,3.96E+11,86171510267,10421137,"1,588",16548765556,23.9147968,5.91E+11,5.74E+11
Belgium,2005,4.05E+11,91115839219,10478617,"1,578",16535257626,24.4900257,6.11E+11,5.91E+11
Belgium,2006,4.15E+11,92852062685,10547958,"1,592",16792349136,24.73058153,6.31E+11,6.11E+11
Belgium,2007,4.31E+11,99613433131,10625700,"1,594",16937365800,25.42037915,6.55E+11,6.31E+11
Belgium,2008,4.32E+11,1.02E+11,10709973,"1,582",16943177286,25.52522596,6.78E+11,6.55E+11
Belgium,2009,4.24E+11,94326731801,10796493,"1,563",16874918559,25.13988329,6.91E+11,6.78E+11
Belgium,2010,4.36E+11,94226507282,10895586,"1,574",17149652364,25.40760141,7.02E+11,6.91E+11
Belgium,2011,4.44E+11,99352602183,11038264,"1,590",17550839760,25.30626391,7.17E+11,7.02E+11
Belgium,2012,4.45E+11,1E+11,11106932,"1,587",17626701084,25.2517283,7.31E+11,7.17E+11
Belgium,2013,4.46E+11,97887223019,11159407,"1,586",17698819502,25.2256619,7.41E+11,7.31E+11
Belgium,2014,4.54E+11,1.04E+11,11209057,"1,582",17732728174,25.62194278,7.56E+11,7.41E+11
Belgium,2015,4.61E+11,1.07E+11,11274196,"1,575",17756858700,25.96432034,7.72E+11,7.56E+11
Belgium,2016,4.67E+11,1.11E+11,11331422,"1,574",17835658228,26.15812341,7.91E+11,7.72E+11
Belgium,2017,4.73E+11,1.13E+11,11375158,"1,578",17949999324,26.37473296,8.08E+11,7.91E+11
Belgium,2018,4.82E+11,1.16E+11,11427054,"1,580",18054745320,26.71415353,8.27E+11,8.08E+11
Belgium,2019,4.94E+11,1.21E+11,11488980,"1,577",18118121460,27.27102363,8.49E+11,8.27E+11
Belgium,2020,4.7E+11,1.15E+11,11538604,"1,446",16684821384,28.19434429,8.62E+11,8.49E+11
Belgium,2021,5E+11,1.2E+11,11586195,"1,530",17726878350,28.18293747,8.79E+11,8.62E+11
Belgium,2022,5.21E+11,1.22E+11,11680210,"1,535",17929122350,29.04467542,8.96E+11,8.79E+11
Canada,1981,7E+11,1.47E+11,24819915,"1,812",44973685980,15.57148502,2.66E+11,1.35E+11
Canada,1982,6.78E+11,1.32E+11,25116942,"1,789",44934209238,15.09171552,3.66E+11,2.66E+11
Canada,1983,6.96E+11,1.31E+11,25366451,"1,779",45126916329,15.41230557,4.53E+11,3.66E+11
Canada,1984,7.37E+11,1.33E+11,25607053,"1,789",45811017817,16.0776815,5.32E+11,4.53E+11
Canada,1985,7.71E+11,1.45E+11,25842116,"1,795",46386598220,16.63044194,6.13E+11,5.32E+11
Canada,1986,7.88E+11,1.51E+11,26100278,"1,797",46902199566,16.79655469,6.9E+11,6.13E+11
Canada,1987,8.2E+11,1.64E+11,26446601,"1,807",47789008007,17.15613162,7.71E+11,6.9E+11
Canada,1988,8.56E+11,1.79E+11,26791747,"1,808",48439478576,17.67231774,8.58E+11,7.71E+11
Canada,1989,8.76E+11,1.88E+11,27276781,"1,802",49152759362,17.82293193,9.43E+11,8.58E+11
Canada,1990,8.78E+11,1.82E+11,27691138,"1,797",49760974986,17.64081595,1.01E+12,9.43E+11
Canada,1991,8.59E+11,1.74E+11,28037420,"1,775",49766420500,17.27004684,1.06E+12,1.01E+12
Canada,1992,8.67E+11,1.69E+11,28371264,"1,772",50273879808,17.24795644,1.11E+12,1.06E+12
Canada,1993,8.9E+11,1.67E+11,28684764,"1,769",50743347516,17.54254076,1.14E+12,1.11E+12
Canada,1994,9.3E+11,1.78E+11,29000663,"1,778",51563178814,18.03945795,1.18E+12,1.14E+12
Canada,1995,9.55E+11,1.76E+11,29302311,"1,775",52011602025,18.36363466,1.22E+12,1.18E+12
Canada,1996,9.71E+11,1.86E+11,29610218,"1,790",53002290220,18.32474964,1.26E+12,1.22E+12
Canada,1997,1.01E+12,2.08E+11,29905948,"1,802",53890518296,18.79412204,1.31E+12,1.26E+12
Canada,1998,1.05E+12,2.14E+11,30155173,"1,797",54188845881,19.41826012,1.37E+12,1.31E+12
Canada,1999,1.11E+12,2.25E+11,30401286,"1,795",54570308370,20.27383584,1.43E+12,1.37E+12
Canada,2000,1.16E+12,2.37E+11,30685730,"1,789",54896770970,21.18885417,1.5E+12,1.43E+12
Canada,2001,1.19E+12,2.48E+11,31020855,"1,775",55062017625,21.52138373,1.56E+12,1.5E+12
Canada,2002,1.22E+12,2.51E+11,31359199,"1,757",55098112643,22.15234337,1.63E+12,1.56E+12
Canada,2003,1.24E+12,2.64E+11,31642461,"1,747",55279379367,22.47854806,1.7E+12,1.63E+12
Canada,2004,1.28E+12,2.86E+11,31938807,"1,757",56116483899,22.82797879,1.78E+12,1.7E+12
Canada,2005,1.32E+12,3.12E+11,32242732,"1,747",56328052804,23.47236573,1.88E+12,1.78E+12
Canada,2006,1.36E+12,3.32E+11,32571193,"1,745",56836731785,23.87593828,1.98E+12,1.88E+12
Canada,2007,1.38E+12,3.42E+11,32888886,"1,745",57391106070,24.13001285,2.09E+12,1.98E+12
Canada,2008,1.4E+12,3.48E+11,33247298,"1,742",57916793116,24.14900614,2.19E+12,2.09E+12
Canada,2009,1.36E+12,3.08E+11,33630069,"1,710",57507417990,23.61193881,2.23E+12,2.19E+12
Canada,2010,1.4E+12,3.44E+11,34005902,"1,715",58320121930,24.00253056,2.31E+12,2.23E+12
Canada,2011,1.44E+12,3.6E+11,34339221,"1,711",58754407131,24.57255521,2.39E+12,2.31E+12
Canada,2012,1.47E+12,3.78E+11,34713395,"1,721",59741752795,24.59072814,2.48E+12,2.39E+12
Canada,2013,1.5E+12,3.83E+11,35080992,"1,714",60128820288,25.00068292,2.57E+12,2.48E+12
Canada,2014,1.55E+12,3.92E+11,35434066,"1,709",60556818794,25.53729412,2.65E+12,2.57E+12
Canada,2015,1.56E+12,3.71E+11,35704498,"1,710",61054691580,25.49368076,2.7E+12,2.65E+12
Canada,2016,1.57E+12,3.54E+11,36110803,"1,701",61424475903,25.60337602,2.73E+12,2.7E+12
Canada,2017,1.62E+12,3.66E+11,36545075,"1,689",61724631675,26.2518583,2.77E+12,2.73E+12
Canada,2018,1.66E+12,3.74E+11,37072620,"1,702",63097599240,26.38504329,2.81E+12,2.77E+12
Canada,2019,1.7E+12,3.77E+11,37618495,"1,691",63612875045,26.67078148,2.85E+12,2.81E+12
Canada,2020,1.61E+12,3.63E+11,38028638,"1,653",62861338614,25.62984181,2.87E+12,2.85E+12
Canada,2021,1.7E+12,3.97E+11,38239864,"1,685",64434170840,26.32618203,2.93E+12,2.87E+12
Canada,2022,1.76E+12,3.88E+11,38939056,"1,686",65651248416,26.8251155,2.96E+12,2.93E+12
Denmark,1981,1.61E+11,20754413743,5121572,"1,546",7917950312,20.38786274,42649582450,24880873531
Denmark,1982,1.68E+11,22516895641,5117810,"1,553",7947958930,21.10140806,60048528197,42649582450
Denmark,1983,1.72E+11,23522794677,5114297,"1,546",7906703162,21.77463549,76365499491,60048528197
Denmark,1984,1.8E+11,25992766010,5111619,"1,541",7877004879,22.80517031,93200000000,76365499491
Denmark,1985,1.87E+11,29633760395,5113691,"1,527",7808606157,23.960344,1.12E+11,93200000000
Denmark,1986,1.96E+11,34987555253,5120534,"1,531",7839537554,24.99547249,1.33E+11,1.12E+11
Denmark,1987,1.97E+11,36050016607,5127024,"1,493",7654646832,25.71772744,1.53E+11,1.33E+11
Denmark,1988,1.97E+11,34091943267,5129516,"1,471",7545518036,26.16088807,1.69E+11,1.53E+11
Denmark,1989,1.99E+11,34814596556,5132594,"1,455",7467924270,26.61698857,1.84E+11,1.69E+11
Denmark,1990,2.02E+11,34791196411,5140939,"1,441",7408093099,27.277442,1.96E+11,1.84E+11
Denmark,1991,2.05E+11,34004264437,5154298,"1,437",7406726226,27.68030353,2.07E+11,1.96E+11
Denmark,1992,2.09E+11,33891688711,5171370,"1,452",7508829240,27.85622095,2.16E+11,2.07E+11
Denmark,1993,2.09E+11,32968962645,5188628,"1,449",7518321972,27.7990984,2.23E+11,2.16E+11
Denmark,1994,2.2E+11,35216653254,5206180,"1,407",7325095260,30.04310738,2.31E+11,2.23E+11
Denmark,1995,2.27E+11,38897305590,5233373,"1,419",7426156287,30.53455204,2.42E+11,2.31E+11
Denmark,1996,2.33E+11,40965324567,5263074,"1,412",7431460488,31.39633141,2.54E+11,2.42E+11
Denmark,1997,2.41E+11,45098970394,5284991,"1,428",7546967148,31.89537087,2.69E+11,2.54E+11
Denmark,1998,2.46E+11,48124183660,5304219,"1,441",7643379579,32.22567113,2.85E+11,2.69E+11
Denmark,1999,2.54E+11,48009977263,5321799,"1,456",7748539344,32.731575,2.99E+11,2.85E+11
Denmark,2000,2.63E+11,51864360603,5339616,"1,466",7827877056,33.606404,3.15E+11,2.99E+11
Denmark,2001,2.66E+11,51698532950,5358783,"1,469",7872052227,33.73529681,3.29E+11,3.15E+11
Denmark,2002,2.67E+11,50459237994,5375931,"1,463",7864987053,33.91975156,3.4E+11,3.29E+11
Denmark,2003,2.68E+11,51419320552,5390574,"1,458",7859456892,34.09334081,3.5E+11,3.4E+11
Denmark,2004,2.75E+11,53259366990,5404523,"1,458",7879794534,34.94945442,3.62E+11,3.5E+11
Denmark,2005,2.82E+11,56504800606,5419432,"1,451",7863595832,35.84781815,3.75E+11,3.62E+11
Denmark,2006,2.93E+11,64175047578,5437272,"1,456",7916668032,36.96645539,3.94E+11,3.75E+11
Denmark,2007,2.96E+11,64622299610,5461438,"1,433",7826240654,37.76271957,4.11E+11,3.94E+11
Denmark,2008,2.94E+11,63081522179,5493621,"1,430",7855878030,37.46331095,4.25E+11,4.11E+11
Denmark,2009,2.8E+11,54709912790,5523095,"1,417",7826225615,35.73458843,4.29E+11,4.25E+11
Denmark,2010,2.84E+11,51245724658,5547683,"1,422",7888805226,36.01227093,4.28E+11,4.29E+11
Denmark,2011,2.88E+11,51769863159,5570572,"1,437",8004911964,35.95513662,4.29E+11,4.28E+11
Denmark,2012,2.88E+11,53701741576,5591572,"1,423",7956806956,36.17054802,4.31E+11,4.29E+11
Denmark,2013,2.92E+11,54676152067,5614932,"1,426",8006893032,36.44487443,4.34E+11,4.31E+11
Denmark,2014,2.96E+11,57453279258,5643475,"1,414",7979873650,37.0356171,4.39E+11,4.34E+11
Denmark,2015,3.02E+11,59757055661,5683483,"1,407",7996660581,37.73561717,4.46E+11,4.39E+11
Denmark,2016,3.11E+11,64525226922,5728010,"1,412",8087950120,38.45623509,4.57E+11,4.46E+11
Denmark,2017,3.21E+11,67377544661,5764980,"1,404",8094031920,39.60186223,4.7E+11,4.57E+11
Denmark,2018,3.27E+11,70089207658,5793636,"1,381",8001011316,40.80743903,4.84E+11,4.7E+11
Denmark,2019,3.32E+11,69522124448,5814422,"1,371",7971572562,41.65909754,4.95E+11,4.84E+11
Denmark,2020,3.26E+11,72512111751,5831404,"1,341",7819912764,41.71107801,5.08E+11,4.95E+11
Denmark,2021,3.5E+11,79595968765,5856733,"1,390",8140858870,43.02440303,5.27E+11,5.08E+11
Denmark,2022,3.56E+11,81813885032,5903037,"1,394",8228833578,43.21999371,5.45E+11,5.27E+11
France,1981,1.29E+12,2.93E+11,55603353,"1,786",99307588458,12.9825091,5.54E+11,2.96E+11
France,1982,1.32E+12,2.9E+11,55806789,"1,714",95652836346,13.80776673,7.78E+11,5.54E+11
France,1983,1.34E+12,2.81E+11,56108330,"1,696",95159727680,14.05448225,9.65E+11,7.78E+11
France,1984,1.36E+12,2.77E+11,56383085,"1,690",95287413650,14.26154889,1.13E+12,9.65E+11
France,1985,1.38E+12,2.83E+11,56665619,"1,654",93724933826,14.7268067,1.27E+12,1.13E+12
France,1986,1.41E+12,2.95E+11,56956002,"1,648",93863491296,15.0564504,1.42E+12,1.27E+12
France,1987,1.45E+12,3.1E+11,57266167,"1,659",95004571053,15.25534715,1.56E+12,1.42E+12
France,1988,1.52E+12,3.36E+11,57598186,"1,667",96016176062,15.82130904,1.71E+12,1.56E+12
France,1989,1.59E+12,3.6E+11,57943062,"1,651",95663995362,16.5790754,1.86E+12,1.71E+12
France,1990,1.63E+12,3.76E+11,58261012,"1,645",95839364740,17.01700617,2.01E+12,1.86E+12
France,1991,1.65E+12,3.74E+11,58554242,"1,638",95911848396,17.21442977,2.15E+12,2.01E+12
France,1992,1.68E+12,3.66E+11,58846584,"1,635",96214164840,17.42050121,2.26E+12,2.15E+12
France,1993,1.67E+12,3.46E+11,59103094,"1,627",96160733938,17.36760679,2.33E+12,2.26E+12
France,1994,1.71E+12,3.5E+11,59324863,"1,623",96284252649,17.75878044,2.4E+12,2.33E+12
France,1995,1.75E+12,3.55E+11,59541294,"1,601",95325611694,18.35079066,2.47E+12,2.4E+12
France,1996,1.77E+12,3.56E+11,59754504,"1,597",95427942888,18.58721265,2.53E+12,2.47E+12
France,1997,1.82E+12,3.57E+11,59968066,"1,596",95709033336,19.00095418,2.58E+12,2.53E+12
France,1998,1.88E+12,3.8E+11,60190684,"1,585",95402234140,19.72019394,2.65E+12,2.58E+12
France,1999,1.95E+12,4.08E+11,60501986,"1,578",95472133908,20.37561517,2.74E+12,2.65E+12
France,2000,2.03E+12,4.35E+11,60918661,"1,558",94911273838,21.34476121,2.85E+12,2.74E+12
France,2001,2.06E+12,4.45E+11,61364377,"1,538",94378411826,21.87299987,2.95E+12,2.85E+12
France,2002,2.09E+12,4.4E+11,61812142,"1,504",92965461568,22.44253876,3.04E+12,2.95E+12
France,2003,2.11E+12,4.51E+11,62249855,"1,507",93810531485,22.45561882,3.12E+12,3.04E+12
France,2004,2.17E+12,4.67E+11,62707588,"1,531",96005317228,22.57161797,3.22E+12,3.12E+12
France,2005,2.21E+12,4.81E+11,63180854,"1,532",96793068328,22.81072927,3.31E+12,3.22E+12
France,2006,2.27E+12,5.02E+11,63622342,"1,515",96387848130,23.52832756,3.41E+12,3.31E+12
France,2007,2.33E+12,5.29E+11,64016890,"1,537",98393959930,23.6318598,3.53E+12,3.41E+12
France,2008,2.33E+12,5.36E+11,64375116,"1,543",99330803988,23.49796882,3.65E+12,3.53E+12
France,2009,2.27E+12,4.86E+11,64706436,"1,531",99065553516,22.89539587,3.69E+12,3.65E+12
France,2010,2.31E+12,4.95E+11,65026211,"1,540",1E+11,23.10272519,3.75E+12,3.69E+12
France,2011,2.37E+12,5.05E+11,65340830,"1,546",1.01E+11,23.46051498,3.8E+12,3.75E+12
France,2012,2.37E+12,5.04E+11,65657659,"1,541",1.01E+11,23.46612059,3.85E+12,3.8E+12
France,2013,2.39E+12,5.01E+11,65997932,"1,526",1.01E+11,23.75890347,3.89E+12,3.85E+12
France,2014,2.42E+12,4.99E+11,66312067,"1,518",1.01E+11,24.00816529,3.92E+12,3.89E+12
France,2015,2.44E+12,5.02E+11,66548272,"1,519",1.01E+11,24.16223329,3.95E+12,3.92E+12
France,2016,2.46E+12,5.16E+11,66724104,"1,522",1.02E+11,24.25790689,3.99E+12,3.95E+12
France,2017,2.51E+12,5.35E+11,66918020,"1,508",1.01E+11,24.92082091,4.05E+12,3.99E+12
France,2018,2.56E+12,5.54E+11,67158348,"1,514",1.02E+11,25.14031942,4.12E+12,4.05E+12
France,2019,2.61E+12,5.77E+11,67382061,"1,518",1.02E+11,25.49750151,4.2E+12,4.12E+12
France,2020,2.41E+12,5.43E+11,67601110,"1,400",94641554000,25.5065747,4.24E+12,4.2E+12
France,2021,2.58E+12,5.96E+11,67842811,"1,475",1E+11,25.78363198,4.33E+12,4.24E+12
France,2022,2.65E+12,5.96E+11,68065015,"1,501",1.02E+11,25.90354635,4.4E+12,4.33E+12
Germany,1981,1.89E+12,4.06E+11,78407907,"1,724",1.35E+11,13.9602567,7.81E+11,4.26E+11
Germany,1982,1.88E+12,3.88E+11,78333366,"1,713",1.34E+11,14.00774442,1.08E+12,7.81E+11
Germany,1983,1.91E+12,3.99E+11,78128282,"1,700",1.33E+11,14.3744396,1.35E+12,1.08E+12
Germany,1984,1.96E+12,4E+11,77858685,"1,689",1.32E+11,14.9279941,1.58E+12,1.35E+12
Germany,1985,2.01E+12,4.03E+11,77684873,"1,666",1.29E+11,15.52104374,1.8E+12,1.58E+12
Germany,1986,2.05E+12,4.15E+11,77720436,"1,647",1.28E+11,16.05186262,2E+12,1.8E+12
Germany,1987,2.08E+12,4.24E+11,77839920,"1,624",1.26E+11,16.48211826,2.18E+12,2E+12
Germany,1988,2.16E+12,4.45E+11,78144619,"1,619",1.27E+11,17.07908355,2.36E+12,2.18E+12
Germany,1989,2.24E+12,4.78E+11,78751283,"1,596",1.26E+11,17.86163041,2.56E+12,2.36E+12
Germany,1990,2.36E+12,5.16E+11,79433029,"1,573",1.25E+11,18.91143734,2.77E+12,2.56E+12
Germany,1991,2.48E+12,5.43E+11,80013896,"1,554",1.24E+11,19.97316361,2.98E+12,2.77E+12
Germany,1992,2.53E+12,5.65E+11,80624598,"1,565",1.26E+11,20.07900301,3.19E+12,2.98E+12
Germany,1993,2.51E+12,5.41E+11,81156363,"1,540",1.25E+11,20.0726353,3.34E+12,3.19E+12
Germany,1994,2.57E+12,5.6E+11,81438348,"1,537",1.25E+11,20.57081237,3.5E+12,3.34E+12
Germany,1995,2.61E+12,5.59E+11,81678051,"1,531",1.25E+11,20.90081993,3.64E+12,3.5E+12
Germany,1996,2.64E+12,5.57E+11,81914831,"1,517",1.24E+11,21.2483372,3.76E+12,3.64E+12
Germany,1997,2.69E+12,5.6E+11,82034771,"1,508",1.24E+11,21.74124842,3.87E+12,3.76E+12
Germany,1998,2.75E+12,5.82E+11,82047195,"1,505",1.23E+11,22.24082368,3.99E+12,3.87E+12
Germany,1999,2.8E+12,6.07E+11,82100243,"1,492",1.22E+11,22.8977561,4.12E+12,3.99E+12
Germany,2000,2.88E+12,6.2E+11,82211508,"1,466",1.21E+11,23.93552709,4.24E+12,4.12E+12
Germany,2001,2.93E+12,6.04E+11,82349925,"1,458",1.2E+11,24.41459528,4.34E+12,4.24E+12
Germany,2002,2.93E+12,5.67E+11,82488495,"1,449",1.2E+11,24.47402314,4.38E+12,4.34E+12
Germany,2003,2.91E+12,5.58E+11,82534176,"1,443",1.19E+11,24.42356555,4.42E+12,4.38E+12
Germany,2004,2.94E+12,5.55E+11,82516260,"1,443",1.19E+11,24.72652643,4.44E+12,4.42E+12
Germany,2005,2.97E+12,5.6E+11,82469422,"1,432",1.18E+11,25.13743215,4.47E+12,4.44E+12
Germany,2006,3.08E+12,6.02E+11,82376451,"1,453",1.2E+11,25.7620368,4.53E+12,4.47E+12
Germany,2007,3.17E+12,6.24E+11,82266372,"1,454",1.2E+11,26.52562729,4.61E+12,4.53E+12
Germany,2008,3.2E+12,6.34E+11,82110097,"1,447",1.19E+11,26.94406371,4.69E+12,4.61E+12
Germany,2009,3.02E+12,5.73E+11,81902307,"1,405",1.15E+11,26.28269895,4.7E+12,4.69E+12
Germany,2010,3.15E+12,6.05E+11,81776930,"1,426",1.17E+11,27.01651104,4.74E+12,4.7E+12
Germany,2011,3.27E+12,6.51E+11,80274983,"1,427",1.15E+11,28.53224314,4.83E+12,4.74E+12
Germany,2012,3.28E+12,6.49E+11,80425823,"1,408",1.13E+11,28.9978941,4.9E+12,4.83E+12
Germany,2013,3.3E+12,6.42E+11,80645605,"1,397",1.13E+11,29.2696214,4.95E+12,4.9E+12
Germany,2014,3.37E+12,6.65E+11,80982500,"1,400",1.13E+11,29.69728391,5.02E+12,4.95E+12
Germany,2015,3.42E+12,6.76E+11,81686611,"1,401",1.14E+11,29.91506851,5.09E+12,5.02E+12
Germany,2016,3.5E+12,7.02E+11,82348669,"1,396",1.15E+11,30.47296053,5.19E+12,5.09E+12
Germany,2017,3.6E+12,7.21E+11,82657002,"1,389",1.15E+11,31.3297721,5.28E+12,5.19E+12
Germany,2018,3.64E+12,7.47E+11,82905782,"1,381",1.14E+11,31.77664452,5.4E+12,5.28E+12
Germany,2019,3.67E+12,7.62E+11,83092962,"1,373",1.14E+11,32.19549345,5.51E+12,5.4E+12
Germany,2020,3.52E+12,7.39E+11,83160871,"1,316",1.09E+11,32.19290768,5.59E+12,5.51E+12
Germany,2021,3.65E+12,7.44E+11,83196078,"1,348",1.12E+11,32.57552042,5.66E+12,5.59E+12
Germany,2022,3.7E+12,7.42E+11,83797985,"1,347",1.13E+11,32.80400196,5.72E+12,5.66E+12
Greece,1984,1.44E+11,26508632877,9895801,"2,003",19821289403,7.285004028,54358667637,31647766773
Greece,1985,1.48E+11,28987007296,9934300,"2,020",20067286000,7.376280309,76822634816,54358667637
Greece,1986,1.49E+11,29017798498,9967213,"2,009",20024130917,7.430443692,96600000000,76822634816
Greece,1987,1.45E+11,27383297393,10000595,"1,968",19681170960,7.389156648,1.12E+11,96600000000
Greece,1988,1.52E+11,28087920182,10036983,"1,957",19642375731,7.721213419,1.27E+11,1.12E+11
Greece,1989,1.57E+11,29803824029,10089498,"1,997",20148727506,7.813206455,1.42E+11,1.27E+11
Greece,1990,1.57E+11,31132809665,10196792,"1,976",20148860992,7.813154693,1.56E+11,1.42E+11
Greece,1991,1.62E+11,32455755112,10319927,"2,005",20691453635,7.844126469,1.69E+11,1.56E+11
Greece,1992,1.63E+11,31324141834,10399061,"2,031",21120492891,7.738575255,1.8E+11,1.69E+11
Greece,1993,1.61E+11,30073061756,10460415,"2,051",21454311165,7.49627623,1.89E+11,1.8E+11
Greece,1994,1.64E+11,29145776372,10512922,"2,018",21215076596,7.732425144,1.95E+11,1.89E+11
Greece,1995,1.67E+11,30349698824,10562153,"2,001",21134868153,7.924745757,2.02E+11,1.95E+11
Greece,1996,1.7E+11,33200613277,10608800,"2,000",21217600000,8.002975581,2.11E+11,2.02E+11
Greece,1997,1.76E+11,34222293798,10661259,"1,998",21301195482,8.258774596,2.2E+11,2.11E+11
Greece,1998,1.82E+11,40347802407,10720509,"1,999",21430297491,8.491160257,2.34E+11,2.2E+11
Greece,1999,1.87E+11,43177936793,10761698,"1,995",21469587510,8.700969787,2.49E+11,2.34E+11
Greece,2000,1.95E+11,45245467465,10805808,"1,998",21590004384,9.010463718,2.64E+11,2.49E+11
Greece,2001,2.04E+11,47024066557,10862132,"1,992",21637366944,9.408847159,2.8E+11,2.64E+11
Greece,2002,2.13E+11,45864201752,10902022,"1,984",21629611648,9.853007925,2.92E+11,2.8E+11
Greece,2003,2.25E+11,51255575638,10928070,"1,983",21670362810,10.40456669,3.08E+11,2.92E+11
Greece,2004,2.38E+11,55158353801,10955141,"1,974",21625448334,10.98688203,3.26E+11,3.08E+11
Greece,2005,2.4E+11,48529565708,10987314,"2,025",22249310850,10.8051983,3.36E+11,3.26E+11
Greece,2006,2.56E+11,57602415425,11020362,"2,015",22206029430,11.52383744,3.53E+11,3.36E+11
Greece,2007,2.65E+11,64463209321,11048473,"2,001",22107994473,11.98085642,3.75E+11,3.53E+11
Greece,2008,2.65E+11,59750159441,11077841,"1,997",22122448477,11.9799099,3.9E+11,3.75E+11
Greece,2009,2.54E+11,51825962901,11107017,"1,973",21914144541,11.59560805,3.95E+11,3.9E+11
Greece,2010,2.4E+11,40320133374,11121341,"1,931",21475309471,11.15884215,3.88E+11,3.95E+11
Greece,2011,2.16E+11,30139782313,11104899,"1,950",21654553050,9.973464488,3.71E+11,3.88E+11
Greece,2012,1.98E+11,24461957718,11045011,"1,990",21979571890,9.007367865,3.51E+11,3.71E+11
Greece,2013,1.93E+11,22171639077,10965211,"1,997",21897526367,8.835691877,3.31E+11,3.51E+11
Greece,2014,1.95E+11,21676473459,10892413,"1,949",21229312937,9.186005775,3.13E+11,3.31E+11
Greece,2015,1.95E+11,21715847853,10820883,"1,935",20938408605,9.292366834,2.97E+11,3.13E+11
Greece,2016,1.95E+11,22273634378,10775971,"1,943",20937711653,9.289721522,2.84E+11,2.97E+11
Greece,2017,1.97E+11,23980780839,10754679,"1,947",20939360013,9.425828665,2.74E+11,2.84E+11
Greece,2018,2.01E+11,22885481918,10732882,"1,961",21047181602,9.571157068,2.64E+11,2.74E+11
Greece,2019,2.06E+11,22696298875,10721582,"1,918",20563994276,10.019122,2.55E+11,2.64E+11
Greece,2020,1.87E+11,23076118423,10698599,"1,732",18529973468,10.09639225,2.47E+11,2.55E+11
Greece,2021,2.03E+11,28075471448,10569207,"1,854",19595309778,10.37376935,2.46E+11,2.47E+11
Greece,2022,2.15E+11,32669083374,10436882,"1,886",19683959452,10.92019902,2.49E+11,2.46E+11
Iceland,1981,7181164023,1840175415,230755,"1,761",406359555,17.67194578,3440573199,1818633845
Iceland,1982,7335886960,1841333135,233860,"1,764",412529040,17.78271649,4869037550,3440573199
Iceland,1983,7178080170,1606969751,236977,"1,764",418027428,17.17131386,5891722795,4869037550
Iceland,1984,7474471587,1757526508,239511,"1,762",422018382,17.71124649,6942242568,5891722795
Iceland,1985,7720594077,1775608166,241405,"1,761",425114205,18.16122347,7884781626,6942242568
Iceland,1986,8204717169,1748052636,243180,"1,754",426537720,19.23561923,8686660467,7884781626
Iceland,1987,8905887360,2076023502,245859,"1,752",430744968,20.67554591,9720284712,8686660467
Iceland,1988,8897896462,2071781472,249740,"1,759",439292660,20.2550538,10625632019,9720284712
Iceland,1989,8920892169,1908852126,252852,"1,755",443755260,20.10318068,11259408303,10625632019
Iceland,1990,9025210436,1966305137,254826,"1,744",444416544,20.30799834,11874584443,11259408303
Iceland,1991,9005036785,2017210062,257797,"1,748",450629156,19.98325378,12466844372,11874584443
Iceland,1992,8701216383,1808348443,261057,"1,753",457632921,19.01352806,12779171490,12466844372
Iceland,1993,8815502462,1631077279,263725,"1,756",463101100,19.03580549,12876748190,12779171490
Iceland,1994,9133641417,1627645984,266021,"1,764",469261044,19.46388164,12959184392,12876748190
Iceland,1995,9144289755,1599773266,267468,"1,734",463789512,19.71646516,13003855530,12959184392
Iceland,1996,9561920769,1956763495,268916,"1,759",473023244,20.21448394,13400156362,13003855530
Iceland,1997,10113797776,2176371240,271128,"1,737",470949336,21.47534141,13968508838,13400156362
Iceland,1998,10858456576,2841648455,274047,"1,741",477115827,22.75853359,15133936233,13968508838
Iceland,1999,11296586995,2746903751,277381,"1,742",483197702,23.37880944,16064767636,15133936233
Iceland,2000,11859726688,3074442517,281205,"1,729",486203445,24.39251883,17211438036,16064767636
Iceland,2001,12335716528,2955678900,284968,"1,714",488435152,25.25558711,18101744372,17211438036
Iceland,2002,12404737216,2589658791,287523,"1,714",492814422,25.17121387,18519193838,18101744372
Iceland,2003,12670532079,2829262191,289521,"1,682",486974322,26.01889156,19126152768,18519193838
Iceland,2004,13659137612,3574621391,292074,"1,687",492728838,27.72140893,20405635827,19126152768
Iceland,2005,14495683158,4655693186,296734,"1,615",479225410,30.24815224,22612652714,20405635827
Iceland,2006,15411374461,5764490905,303782,"1,588",482405816,31.94690849,25663625294,22612652714
Iceland,2007,16714384610,5129767552,311566,"1,554",484173564,34.52147299,27713757810,25663625294
Iceland,2008,17083688340,4182924458,317414,"1,625",515797750,33.12090512,28571031331,27713757810
Iceland,2009,15774426999,2197817766,318499,"1,536",489214464,32.24440028,27340325337,28571031331
Iceland,2010,15327572988,2012955912,318041,"1,528",485966648,31.5403805,26072442208,27340325337
Iceland,2011,15610486136,2232964964,319014,"1,538",490643532,31.81634958,25176714107,26072442208
Iceland,2012,15776524981,2347768893,320716,"1,523",488450468,32.29912962,24503277307,25176714107
Iceland,2013,16494745020,2400189736,323764,"1,524",493416336,33.42966946,23963073766,24503277307
Iceland,2014,16773046836,2787697305,327386,"1,513",495335018,33.86202515,23875202220,23963073766
Iceland,2015,17517210519,3386606656,330815,"1,511",499861465,35.04413072,24396784609,23875202220
Iceland,2016,18621440660,3995819723,335439,"1,520",509867280,36.52213309,25464990179,24396784609
Iceland,2017,19402600567,4418002018,343400,"1,507",517503800,37.49267265,26827193375,25464990179
Iceland,2018,20351227274,4519807562,352721,"1,496",527670616,38.56805109,28100000000,26827193375
Iceland,2019,20729999827,4334485660,360563,"1,480",533633240,38.84690509,29100000000,28100000000
Iceland,2020,19291243913,4014283662,366463,"1,464",536501832,35.9574614,29600000000,29100000000
Iceland,2021,20304846332,4589244810,372520,"1,459",543506680,37.35896371,30600000000,29600000000
Iceland,2022,22130761184,5308644917,382003,"1,459",557342377,39.70765924,32300000000,30600000000
Ireland,1981,59732889873,16452319809,3453000,"2,050",7078650000,8.43845788,29670668414,15020850687
Ireland,1982,61096871764,15890914053,3485800,"2,043",7121489400,8.579226666,42001102257,29670668414
Ireland,1983,60947611214,14415406145,3510600,"2,033",7137049800,8.539608511,51376376131,42001102257
Ireland,1984,63601497259,14052751871,3532423,"2,015",7117832345,8.93551494,59263962867,51376376131
Ireland,1985,65563994783,12968619088,3538082,"2,022",7154001804,9.164660085,65120906411,59263962867
Ireland,1986,65283163757,12606347596,3539690,"2,056",7277602640,8.970421578,69900000000,65120906411
Ireland,1987,68327377546,12462903112,3540057,"2,036",7207556052,9.479964783,74000000000,69900000000
Ireland,1988,71892300158,13115353277,3524949,"2,044",7204995756,9.978118321,78200000000,74000000000
Ireland,1989,76072060448,14444583006,3511009,"2,051",7201079459,10.56398015,83300000000,78200000000
Ireland,1990,82512722864,16380447783,3513974,"2,040",7168506960,11.51044748,89700000000,83300000000
Ireland,1991,84104920462,15236447903,3534235,"2,006",7089675410,11.86301426,94100000000,89700000000
Ireland,1992,86916778952,15232394853,3558430,"1,958",6967405940,12.4747689,98100000000,94100000000
Ireland,1993,89257107778,14458092435,3576261,"1,932",6909336252,12.91833318,1.01E+11,98100000000
Ireland,1994,94394592938,16169632567,3590386,"1,932",6936625752,13.60814268,1.05E+11,1.01E+11
Ireland,1995,1.03E+11,18722896888,3608841,"1,962",7080546042,14.61595851,1.11E+11,1.05E+11
Ireland,1996,1.11E+11,21798481044,3637510,"1,954",7107694540,15.63461417,1.19E+11,1.11E+11
Ireland,1997,1.23E+11,25243805933,3674171,"1,954",7179330134,17.18462723,1.3E+11,1.19E+11
Ireland,1998,1.34E+11,28636706339,3712696,"1,915",7109812840,18.87380796,1.43E+11,1.3E+11
Ireland,1999,1.48E+11,32667301497,3754786,"1,890",7096545540,20.90019914,1.59E+11,1.43E+11
Ireland,2000,1.62E+11,34317825077,3805174,"1,878",7146116772,22.70694057,1.74E+11,1.59E+11
Ireland,2001,1.71E+11,36315808153,3866243,"1,855",7171880765,23.82583072,1.9E+11,1.74E+11
Ireland,2002,1.81E+11,38333378569,3931947,"1,840",7234782480,25.0120332,2.05E+11,1.9E+11
Ireland,2003,1.86E+11,41390499322,3996521,"1,809",7229706489,25.7839458,2.22E+11,2.05E+11
Ireland,2004,1.99E+11,45429331503,4070262,"1,793",7297979766,27.27661084,2.41E+11,2.22E+11
Ireland,2005,2.1E+11,53078499770,4159914,"1,794",7462885716,28.20490775,2.65E+11,2.41E+11
Ireland,2006,2.21E+11,56906209400,4273591,"1,772",7572803252,29.18192,2.9E+11,2.65E+11
Ireland,2007,2.33E+11,56923842889,4398942,"1,745",7676153790,30.31774973,3.12E+11,2.9E+11
Ireland,2008,2.22E+11,50330897609,4489544,"1,711",7681609784,28.93771256,3.25E+11,3.12E+11
Ireland,2009,2.11E+11,41811011364,4535375,"1,661",7533257875,28.00393897,3.28E+11,3.25E+11
Ireland,2010,2.15E+11,35526672657,4560155,"1,666",7597218230,28.23550683,3.24E+11,3.28E+11
Ireland,2011,2.18E+11,35510721190,4580084,"1,668",7639580112,28.54189766,3.21E+11,3.24E+11
Ireland,2012,2.17E+11,41299835476,4599533,"1,663",7649023379,28.39293048,3.23E+11,3.21E+11
Ireland,2013,2.22E+11,39574737096,4623816,"1,677",7754139432,28.62201777,3.24E+11,3.23E+11
Ireland,2014,2.43E+11,47145953205,4657740,"1,689",7866922860,30.84553283,3.32E+11,3.24E+11
Ireland,2015,3.02E+11,73355005397,4701957,"1,682",7908691674,38.23532905,3.66E+11,3.32E+11
Ireland,2016,3.06E+11,1.03E+11,4755335,"1,704",8103090840,37.77429982,4.25E+11,3.66E+11
Ireland,2017,3.37E+11,1.06E+11,4807388,"1,727",8302359076,40.57272703,4.8E+11,4.25E+11
Ireland,2018,3.62E+11,96784663445,4867316,"1,742",8478864472,42.72534562,5.19E+11,4.8E+11
Ireland,2019,3.81E+11,1.93E+11,4934340,"1,742",8595620280,44.26933972,6.5E+11,5.19E+11
Ireland,2020,4.08E+11,1.61E+11,4985382,"1,620",8076318840,50.4883293,7.34E+11,6.5E+11
Ireland,2021,4.74E+11,97871842951,5033164,"1,627",8188957828,57.88816092,7.43E+11,7.34E+11
Ireland,2022,5.15E+11,1.01E+11,5165700,"1,657",8559564900,60.15538509,7.56E+11,7.43E+11
Italy,1981,1.25E+12,2.66E+11,56501675,"1,862",1.05E+11,11.84765237,5.04E+11,2.7E+11
Italy,1982,1.25E+12,2.57E+11,56543548,"1,874",1.06E+11,11.81171977,7.01E+11,5.04E+11
Italy,1983,1.27E+12,2.53E+11,56564074,"1,873",1.06E+11,11.95186418,8.7E+11,7.01E+11
Italy,1984,1.31E+12,2.64E+11,56576718,"1,863",1.05E+11,12.40086503,1.03E+12,8.7E+11
Italy,1985,1.34E+12,2.66E+11,56593071,"1,859",1.05E+11,12.77158983,1.17E+12,1.03E+12
Italy,1986,1.38E+12,2.74E+11,56596155,"1,868",1.06E+11,13.07284812,1.31E+12,1.17E+12
Italy,1987,1.43E+12,2.87E+11,56601931,"1,887",1.07E+11,13.35293488,1.44E+12,1.31E+12
Italy,1988,1.49E+12,3.08E+11,56629288,"1,890",1.07E+11,13.88421265,1.57E+12,1.44E+12
Italy,1989,1.54E+12,3.21E+11,56671781,"1,875",1.06E+11,14.45865097,1.7E+12,1.57E+12
Italy,1990,1.57E+12,3.35E+11,56719240,"1,864",1.06E+11,14.82037513,1.83E+12,1.7E+12
Italy,1991,1.59E+12,3.39E+11,56758521,"1,857",1.05E+11,15.09465018,1.95E+12,1.83E+12
Italy,1992,1.6E+12,3.34E+11,56797087,"1,860",1.06E+11,15.18571351,2.05E+12,1.95E+12
Italy,1993,1.59E+12,2.97E+11,56831821,"1,860",1.06E+11,15.04700694,2.1E+12,2.05E+12
Italy,1994,1.62E+12,2.99E+11,56843400,"1,854",1.05E+11,15.41727375,2.15E+12,2.1E+12
Italy,1995,1.67E+12,3.2E+11,56844303,"1,856",1.06E+11,15.84500052,2.21E+12,2.15E+12
Italy,1996,1.69E+12,3.27E+11,56860281,"1,866",1.06E+11,15.96766333,2.27E+12,2.21E+12
Italy,1997,1.73E+12,3.34E+11,56890372,"1,860",1.06E+11,16.31902034,2.34E+12,2.27E+12
Italy,1998,1.76E+12,3.48E+11,56906744,"1,873",1.07E+11,16.49342011,2.4E+12,2.34E+12
Italy,1999,1.79E+12,3.64E+11,56916317,"1,870",1.06E+11,16.79425717,2.48E+12,2.4E+12
Italy,2000,1.86E+12,3.89E+11,56942108,"1,850",1.05E+11,17.62684728,2.57E+12,2.48E+12
Italy,2001,1.89E+12,3.98E+11,56974100,"1,838",1.05E+11,18.08774775,2.66E+12,2.57E+12
Italy,2002,1.9E+12,4.13E+11,57059007,"1,826",1.04E+11,18.22859521,2.75E+12,2.66E+12
Italy,2003,1.9E+12,4.09E+11,57313203,"1,815",1.04E+11,18.26988517,2.83E+12,2.75E+12
Italy,2004,1.93E+12,4.16E+11,57685327,"1,815",1.05E+11,18.41959224,2.91E+12,2.83E+12
Italy,2005,1.94E+12,4.23E+11,57969484,"1,811",1.05E+11,18.50983999,2.98E+12,2.91E+12
Italy,2006,1.98E+12,4.34E+11,58143979,"1,812",1.05E+11,18.77600388,3.06E+12,2.98E+12
Italy,2007,2.01E+12,4.41E+11,58438310,"1,818",1.06E+11,18.89205714,3.13E+12,3.06E+12
Italy,2008,1.99E+12,4.26E+11,58826731,"1,807",1.06E+11,18.68837706,3.18E+12,3.13E+12
Italy,2009,1.88E+12,3.82E+11,59095365,"1,775",1.05E+11,17.93407663,3.18E+12,3.18E+12
Italy,2010,1.91E+12,3.82E+11,59277417,"1,777",1.05E+11,18.13195615,3.18E+12,3.18E+12
Italy,2011,1.92E+12,3.76E+11,59379449,"1,773",1.05E+11,18.26780486,3.18E+12,3.18E+12
Italy,2012,1.86E+12,3.39E+11,59539717,"1,734",1.03E+11,18.04621173,3.13E+12,3.18E+12
Italy,2013,1.83E+12,3.16E+11,60233948,"1,719",1.04E+11,17.66674192,3.07E+12,3.13E+12
Italy,2014,1.83E+12,3.09E+11,60789140,"1,716",1.04E+11,17.53575067,3.01E+12,3.07E+12
Italy,2015,1.85E+12,3.15E+11,60730582,"1,717",1.04E+11,17.69780391,2.97E+12,3.01E+12
Italy,2016,1.87E+12,3.27E+11,60627498,"1,722",1.04E+11,17.89494013,2.94E+12,2.97E+12
Italy,2017,1.9E+12,3.38E+11,60536709,"1,719",1.04E+11,18.24096803,2.92E+12,2.94E+12
Italy,2018,1.91E+12,3.49E+11,60421760,"1,719",1.04E+11,18.42674567,2.92E+12,2.92E+12
Italy,2019,1.92E+12,3.55E+11,59729081,"1,710",1.02E+11,18.81896731,2.93E+12,2.92E+12
Italy,2020,1.75E+12,3.29E+11,59438851,"1,543",91714147093,19.09902717,2.9E+12,2.93E+12
Italy,2021,1.91E+12,4E+11,59133173,"1,686",99698529678,19.1386175,2.96E+12,2.9E+12
Italy,2022,2E+12,4.31E+11,59013667,"1,726",1.02E+11,19.60622434,3.03E+12,2.96E+12
Luxembourg,1981,15465469116,2789824673,365225,"1,693",618325925,25.01184002,5441463733,3013226203
Luxembourg,1982,15640430423,2776665851,365525,"1,675",612254375,25.54564093,7565153935,5441463733
Luxembourg,1983,16107934774,2450009722,365622,"1,669",610223118,26.39679537,9107345185,7565153935
Luxembourg,1984,17104522553,2453008736,365998,"1,655",605726690,28.23802027,10467472499,9107345185
Luxembourg,1985,17582030272,2219794674,366706,"1,660",608731960,28.88304119,11431170473,10467472499
Luxembourg,1986,19337409478,3044197146,368355,"1,651",608154105,31.79689049,13103627162,11431170473
Luxembourg,1987,20101425602,3584427849,370750,"1,650",611737500,32.85956084,15115619752,13103627162
Luxembourg,1988,21802666127,3995485732,373450,"1,670",623661500,34.95913428,17297231114,15115619752
Luxembourg,1989,23938905604,4271183043,377100,"1,659",625608900,38.2649697,19492746423,17297231114
Luxembourg,1990,25212438895,4415332067,381850,"1,659",633489150,39.79932236,21568948919,19492746423
Luxembourg,1991,27391849518,5111099834,387000,"1,641",635067000,43.13221994,24091774883,21568948919
Luxembourg,1992,27890285979,4340589731,392175,"1,620",635323500,43.89934573,25541351628,24091774883
Luxembourg,1993,29061859474,5234398892,397475,"1,627",646691825,44.93927146,27710788325,25541351628
Luxembourg,1994,30172289931,5236641218,402925,"1,605",646694625,46.65616315,29622134944,27710788325
Luxembourg,1995,30604417465,5157191219,408625,"1,615",659929375,46.375292,31224669969,29622134944
Luxembourg,1996,31032290016,5043607056,414225,"1,593",659860425,47.02856671,32521316628,31224669969
Luxembourg,1997,32714188402,5550837516,419450,"1,600",671120000,48.74566158,34169596149,32521316628
Luxembourg,1998,34897700895,5888900546,424700,"1,599",679095300,51.38851777,35958145158,34169596149
Luxembourg,1999,37750651304,7170745198,430475,"1,598",687899050,54.87818497,38813912937,35958145158
Luxembourg,2000,40369840661,6944126081,436300,"1,605",700261500,57.64966468,41100369465,38813912937
Luxembourg,2001,41610952876,7410281265,441525,"1,593",703349325,59.1611471,43578606394,41100369465
Luxembourg,2002,42953079582,7442061042,446175,"1,588",708525900,60.62316082,45800000000,43578606394
Luxembourg,2003,44078183348,7598267143,451630,"1,586",716285180,61.53719856,47900000000,45800000000
Luxembourg,2004,45943524157,8081319099,458095,"1,586",726538670,63.2361718,50200000000,47900000000
Luxembourg,2005,47084244317,7703569902,465158,"1,567",728902586,64.59607254,51900000000,50200000000
Luxembourg,2006,49917169128,8029269630,472637,"1,567",740622179,67.39896609,53700000000,51900000000
Luxembourg,2007,53959794735,9012785128,479993,"1,581",758868933,71.10555247,56300000000,53700000000
Luxembourg,2008,53797820276,10002540525,488650,"1,581",772555650,69.63617479,59500000000,56300000000
Luxembourg,2009,52055333610,8620754281,497783,"1,518",755634594,68.88955856,61000000000,59500000000
Luxembourg,2010,54012829451,8672126947,506953,"1,521",771075513,70.04868984,62400000000,61000000000
Luxembourg,2011,54576884724,10185432630,518347,"1,520",787887440,69.26990069,65100000000,62400000000
Luxembourg,2012,55477349853,10362416579,530946,"1,514",803852244,69.01436211,67600000000,65100000000
Luxembourg,2013,57236975164,10438928588,543360,"1,506",818300160,69.94618596,69900000000,67600000000
Luxembourg,2014,58738350256,11329247221,556319,"1,512",841154328,69.83064617,72900000000,69900000000
Luxembourg,2015,60071584216,10398064119,569604,"1,519",865228476,69.42857971,74500000000,72900000000
Luxembourg,2016,63062062077,10685783001,582014,"1,518",883497252,71.37776822,76300000000,74500000000
Luxembourg,2017,63892707778,11256729459,596336,"1,508",899274688,71.0491562,78400000000,76300000000
Luxembourg,2018,64671765569,10439214842,607950,"1,499",911317050,70.96516582,79400000000,78400000000
Luxembourg,2019,66557495897,11848925307,620001,"1,493",925661493,71.90263007,81700000000,79400000000
Luxembourg,2020,65951935966,11057890325,630419,"1,408",887629952,74.30116099,83000000000,81700000000
Luxembourg,2021,70679635854,12931141962,640064,"1,467",938973888,75.27327092,86000000000,83000000000
Luxembourg,2022,71655146216,11929038795,653103,"1,459",952877277,75.1987144,87600000000,86000000000
Netherlands,1981,3.73E+11,64148845486,14247208,"1,556",22168655648,16.80568835,1.26E+11,70803755951
Netherlands,1982,3.68E+11,62378859543,14312690,"1,542",22070167980,16.67123514,1.74E+11,1.26E+11
Netherlands,1983,3.76E+11,63725444272,14367070,"1,527",21938515890,17.11843696,2.17E+11,1.74E+11
Netherlands,1984,3.87E+11,68322370314,14424211,"1,519",21910376509,17.66520679,2.59E+11,2.17E+11
Netherlands,1985,3.97E+11,73526567156,14491632,"1,502",21766431264,18.24083825,3.01E+11,2.59E+11
Netherlands,1986,4.08E+11,78532046910,14572278,"1,488",21683549664,18.82087158,3.44E+11,3.01E+11
Netherlands,1987,4.16E+11,79678372329,14665037,"1,467",21513609279,19.33589048,3.82E+11,3.44E+11
Netherlands,1988,4.3E+11,87485204596,14760094,"1,464",21608777616,19.91319213,4.24E+11,3.82E+11
Netherlands,1989,4.49E+11,90353640477,14848907,"1,459",21664555313,20.73984395,4.63E+11,4.24E+11
Netherlands,1990,4.68E+11,92957275573,14951510,"1,454",21739495540,21.53295284,5.01E+11,4.63E+11
Netherlands,1991,4.8E+11,94131546293,15069798,"1,444",21760788312,22.03658676,5.35E+11,5.01E+11
Netherlands,1992,4.88E+11,95809074308,15184166,"1,451",22032224866,22.13642446,5.66E+11,5.35E+11
Netherlands,1993,4.94E+11,94241070749,15290368,"1,440",22018129920,22.42915041,5.93E+11,5.66E+11
Netherlands,1994,5.08E+11,96161217057,15382838,"1,447",22258966586,22.84343436,6.18E+11,5.93E+11
Netherlands,1995,5.24E+11,1.02E+11,15459006,"1,482",22910246892,22.88562806,6.45E+11,6.18E+11
Netherlands,1996,5.42E+11,1.09E+11,15530498,"1,496",23233625008,23.33901845,6.77E+11,6.45E+11
Netherlands,1997,5.65E+11,1.15E+11,15610650,"1,482",23134983300,24.43431129,7.11E+11,6.77E+11
Netherlands,1998,5.92E+11,1.23E+11,15707209,"1,479",23230962111,25.46432297,7.48E+11,7.11E+11
Netherlands,1999,6.21E+11,1.35E+11,15812088,"1,477",23354453976,26.60713163,7.94E+11,7.48E+11
Netherlands,2000,6.48E+11,1.38E+11,15925513,"1,464",23314951032,27.77687031,8.37E+11,7.94E+11
Netherlands,2001,6.63E+11,1.4E+11,16046180,"1,454",23331145720,28.40255834,8.77E+11,8.37E+11
Netherlands,2002,6.64E+11,1.35E+11,16148929,"1,436",23189862044,28.64583502,9.06E+11,8.77E+11
Netherlands,2003,6.65E+11,1.32E+11,16225302,"1,428",23169731256,28.69877288,9.3E+11,9.06E+11
Netherlands,2004,6.78E+11,1.32E+11,16281779,"1,448",23576015992,28.77289211,9.5E+11,9.3E+11
Netherlands,2005,6.92E+11,1.37E+11,16319868,"1,434",23402690712,29.57555462,9.73E+11,9.5E+11
Netherlands,2006,7.17E+11,1.46E+11,16346101,"1,430",23374924430,30.65812751,1E+12,9.73E+11
Netherlands,2007,7.44E+11,1.68E+11,16381696,"1,429",23409443584,31.80232533,1.05E+12,1E+12
Netherlands,2008,7.6E+11,1.63E+11,16445593,"1,429",23500752397,32.349343,1.09E+12,1.05E+12
Netherlands,2009,7.32E+11,1.49E+11,16530388,"1,420",23473150960,31.2002901,1.1E+12,1.09E+12
Netherlands,2010,7.42E+11,1.38E+11,16615394,"1,427",23710167238,31.29591647,1.11E+12,1.1E+12
Netherlands,2011,7.55E+11,1.46E+11,16693074,"1,425",23787630450,31.74718027,1.12E+12,1.11E+12
Netherlands,2012,7.48E+11,1.36E+11,16754962,"1,419",23775291078,31.45304755,1.12E+12,1.12E+12
Netherlands,2013,7.48E+11,1.34E+11,16804432,"1,427",23979924464,31.17521417,1.12E+12,1.12E+12
Netherlands,2014,7.6E+11,1.31E+11,16865008,"1,434",24184421472,31.41008854,1.12E+12,1.12E+12
Netherlands,2015,7.76E+11,1.69E+11,16939923,"1,437",24342669351,31.86765034,1.15E+12,1.12E+12
Netherlands,2016,7.95E+11,1.54E+11,17030314,"1,446",24625834044,32.26489374,1.17E+12,1.15E+12
Netherlands,2017,8.17E+11,1.63E+11,17131296,"1,450",24840379200,32.87593496,1.19E+12,1.17E+12
Netherlands,2018,8.35E+11,1.68E+11,17231624,"1,449",24968623176,33.44584538,1.22E+12,1.19E+12
Netherlands,2019,8.54E+11,1.81E+11,17344874,"1,451",25167412174,33.94487655,1.25E+12,1.22E+12
Netherlands,2020,8.21E+11,1.76E+11,17441500,"1,404",24487866000,33.53745042,1.28E+12,1.25E+12
Netherlands,2021,8.73E+11,1.8E+11,17533044,"1,412",24756658128,35.25555527,1.3E+12,1.28E+12
Netherlands,2022,9.17E+11,1.86E+11,17700982,"1,415",25046889530,36.5919033,1.33E+12,1.3E+12
Norway,1981,1.67E+11,43730867004,4099702,"1,561",6397584971,26.09433823,80367421308,41632448073
Norway,1982,1.67E+11,44078206056,4114787,"1,549",6375450978,26.24655035,1.15E+11,80367421308
Norway,1983,1.74E+11,46504247184,4128432,"1,543",6369344890,27.31548915,1.48E+11,1.15E+11
Norway,1984,1.85E+11,47106913300,4140099,"1,538",6367058252,28.97913043,1.77E+11,1.48E+11
Norway,1985,1.95E+11,45616492715,4152516,"1,532",6361654512,30.61444144,2.01E+11,1.77E+11
Norway,1986,2.03E+11,48991794978,4167354,"1,528",6367716912,31.82158684,2.26E+11,2.01E+11
Norway,1987,2.06E+11,49369019324,4186905,"1,501",6284544405,32.8081034,2.48E+11,2.26E+11
Norway,1988,2.06E+11,48870517722,4209488,"1,504",6331069952,32.48391716,2.67E+11,2.48E+11
Norway,1989,2.08E+11,45574082877,4226901,"1,501",6344578401,32.75130154,2.81E+11,2.67E+11
Norway,1990,2.12E+11,40874403224,4241473,"1,493",6332519189,33.44772657,2.88E+11,2.81E+11
Norway,1991,2.18E+11,40712080190,4261732,"1,490",6349980680,34.384588,2.94E+11,2.88E+11
Norway,1992,2.26E+11,39909145396,4286401,"1,500",6429601500,35.17263016,2.99E+11,2.94E+11
Norway,1993,2.33E+11,42006696290,4311991,"1,497",6455050527,36.03074236,3.05E+11,2.99E+11
Norway,1994,2.44E+11,44213247907,4336613,"1,494",6478899822,37.71285846,3.13E+11,3.05E+11
Norway,1995,2.54E+11,45640177741,4359184,"1,479",6447233136,39.47298176,3.21E+11,3.13E+11
Norway,1996,2.67E+11,49912162860,4381336,"1,474",6458089264,41.38797832,3.32E+11,3.21E+11
Norway,1997,2.81E+11,57279322104,4405157,"1,468",6466770476,43.51667337,3.5E+11,3.32E+11
Norway,1998,2.89E+11,64330763666,4431464,"1,467",6500957688,44.44304452,3.72E+11,3.5E+11
Norway,1999,2.95E+11,61160194275,4461913,"1,465",6536702545,45.11586038,3.88E+11,3.72E+11
Norway,2000,3.05E+11,59148083084,4490967,"1,448",6502920216,46.85538457,4.01E+11,3.88E+11
Norway,2001,3.11E+11,58785615377,4513751,"1,424",6427581424,48.38449923,4.12E+11,4.01E+11
Norway,2002,3.15E+11,58577782371,4538159,"1,412",6407880508,49.2018298,4.21E+11,4.12E+11
Norway,2003,3.18E+11,58864234784,4564855,"1,401",6395361855,49.76396308,4.29E+11,4.21E+11
Norway,2004,3.31E+11,64837201612,4591910,"1,423",6534287930,50.66126935,4.43E+11,4.29E+11
Norway,2005,3.4E+11,72542771520,4623291,"1,429",6606682839,51.45154298,4.62E+11,4.43E+11
Norway,2006,3.48E+11,79119768523,4660677,"1,426",6646125402,52.40514489,4.86E+11,4.62E+11
Norway,2007,3.58E+11,88813516586,4709153,"1,438",6771762014,52.93164581,5.16E+11,4.86E+11
Norway,2008,3.6E+11,89816968069,4768212,"1,443",6880529916,52.34595412,5.44E+11,5.16E+11
Norway,2009,3.53E+11,83515635011,4828726,"1,422",6866448372,51.43551852,5.62E+11,5.44E+11
Norway,2010,3.56E+11,78152898626,4889252,"1,430",6991630360,50.91216477,5.73E+11,5.62E+11
Norway,2011,3.6E+11,83976066963,4953088,"1,435",7107681280,50.63461701,5.88E+11,5.73E+11
Norway,2012,3.7E+11,90310013434,5018573,"1,431",7181577963,51.47566638,6.08E+11,5.88E+11
Norway,2013,3.73E+11,96030505322,5079623,"1,421",7218144283,51.73533743,6.31E+11,6.08E+11
Norway,2014,3.81E+11,95788570838,5137232,"1,424",7315418368,52.09292406,6.51E+11,6.31E+11
Norway,2015,3.88E+11,91953332644,5188607,"1,427",7404142189,52.42464317,6.65E+11,6.51E+11
Norway,2016,3.93E+11,95579125762,5234519,"1,430",7485362170,52.45978635,6.81E+11,6.65E+11
Norway,2017,4.02E+11,98097426888,5276968,"1,419",7488017592,53.7332006,6.97E+11,6.81E+11
Norway,2018,4.06E+11,1E+11,5311916,"1,419",7537608804,53.82214525,7.14E+11,6.97E+11
Norway,2019,4.1E+11,1.1E+11,5347896,"1,419",7588664424,54.0608084,7.38E+11,7.14E+11
Norway,2020,4.05E+11,1.05E+11,5379475,"1,410",7585059750,53.39518153,7.55E+11,7.38E+11
Norway,2021,4.21E+11,1.06E+11,5408320,"1,426",7712264320,54.56711891,7.7E+11,7.55E+11
Norway,2022,4.33E+11,1.12E+11,5457127,"1,425",7776405975,55.74359694,7.89E+11,7.7E+11
Portugal,1981,1.08E+11,23180903040,9851362,"1,838",18106803356,5.937302765,42516002335,21971703744
Portugal,1982,1.1E+11,23704199247,9911771,"1,827",18108805617,6.063415974,61118281301,42516002335
Portugal,1983,1.1E+11,22013641113,9957865,"1,817",18093440705,6.058059515,75797728658,61118281301
Portugal,1984,1.08E+11,18186295402,9996232,"1,806",18053194992,5.95742047,84900000000,75797728658
Portugal,1985,1.11E+11,17541232374,10023613,"1,796",18002408948,6.141949601,92200000000,84900000000
Portugal,1986,1.15E+11,19448098922,10032734,"1,785",17908430190,6.429851047,1.01E+11,92200000000
Portugal,1987,1.22E+11,22948221544,10030031,"1,799",18044025769,6.788763336,1.11E+11,1.01E+11
Portugal,1988,1.32E+11,26352046213,10019610,"1,798",18015258780,7.30883338,1.24E+11,1.11E+11
Portugal,1989,1.4E+11,27315817928,10005000,"1,818",18189090000,7.705220427,1.37E+11,1.24E+11
Portugal,1990,1.46E+11,29393780240,9983218,"1,806",18029691708,8.080428986,1.5E+11,1.37E+11
Portugal,1991,1.52E+11,30372098779,9960235,"1,739",17320848665,8.778529494,1.62E+11,1.5E+11
Portugal,1992,1.54E+11,31746086258,9952494,"1,682",16740094908,9.182035568,1.74E+11,1.62E+11
Portugal,1993,1.51E+11,29986397704,9964675,"1,684",16780512700,8.97275702,1.84E+11,1.74E+11
Portugal,1994,1.52E+11,30802758427,9991525,"1,692",16905660300,8.992266103,1.92E+11,1.84E+11
Portugal,1995,1.59E+11,32820598455,10026176,"1,749",17535781824,9.040423131,2.02E+11,1.92E+11
Portugal,1996,1.64E+11,34523216994,10063945,"1,750",17611903750,9.316788279,2.12E+11,2.02E+11
Portugal,1997,1.71E+11,39412478602,10108977,"1,746",17650273842,9.705662561,2.26E+11,2.12E+11
Portugal,1998,1.8E+11,44037307784,10160196,"1,760",17881944960,10.04051904,2.43E+11,2.26E+11
Portugal,1999,1.87E+11,46710146527,10217828,"1,762",18003812936,10.36214023,2.61E+11,2.43E+11
Portugal,2000,1.94E+11,48605362081,10289898,"1,770",18213119460,10.63395101,2.78E+11,2.61E+11
Portugal,2001,1.97E+11,49078053405,10362722,"1,755",18186577110,10.8564615,2.94E+11,2.78E+11
Portugal,2002,1.99E+11,47413379097,10419631,"1,749",18223934619,10.91773027,3.06E+11,2.94E+11
Portugal,2003,1.97E+11,43945618748,10458821,"1,742",18219266182,10.81890998,3.13E+11,3.06E+11
Portugal,2004,2.01E+11,44028603655,10483861,"1,748",18325789028,10.9484194,3.2E+11,3.13E+11
Portugal,2005,2.02E+11,44077109339,10503330,"1,750",18380827500,11.00097975,3.25E+11,3.2E+11
Portugal,2006,2.05E+11,43743542055,10522288,"1,739",18298258832,11.23019674,3.3E+11,3.25E+11
Portugal,2007,2.11E+11,45093564055,10542964,"1,755",18502901820,11.38437072,3.36E+11,3.3E+11
Portugal,2008,2.11E+11,45284531195,10558177,"1,743",18402902511,11.48277388,3.41E+11,3.36E+11
Portugal,2009,2.05E+11,41870849614,10568247,"1,743",18420454521,11.1136729,3.42E+11,3.41E+11
Portugal,2010,2.08E+11,41399582904,10573100,"1,746",18460632600,11.2821785,3.42E+11,3.42E+11
Portugal,2011,2.05E+11,36206893930,10557560,"1,724",18201233440,11.24689069,3.37E+11,3.42E+11
Portugal,2012,1.96E+11,30165818143,10514844,"1,708",17959353552,10.93662919,3.27E+11,3.37E+11
Portugal,2013,1.94E+11,28755848052,10457295,"1,718",17965632810,10.82521619,3.16E+11,3.27E+11
Portugal,2014,1.96E+11,29391436949,10401062,"1,725",17941831950,10.91994015,3.08E+11,3.16E+11
Portugal,2015,1.99E+11,31157636125,10358076,"1,732",17940187632,11.09456195,3.02E+11,3.08E+11
Portugal,2016,2.03E+11,31993504304,10325452,"1,737",17935310124,11.31999026,2.98E+11,3.02E+11
Portugal,2017,2.1E+11,35689877565,10300300,"1,727",17788618100,11.79165974,2.98E+11,2.98E+11
Portugal,2018,2.16E+11,37888935443,10283822,"1,738",17873282636,12.08157336,3E+11,2.98E+11
Portugal,2019,2.22E+11,39981626539,10286263,"1,744",17939242672,12.36765335,3.04E+11,3E+11
Portugal,2020,2.04E+11,39045284201,10297081,"1,611",16588597491,12.27728977,3.06E+11,3.04E+11
Portugal,2021,2.15E+11,42086664294,10361831,"1,649",17086659319,12.58198854,3.12E+11,3.06E+11
Portugal,2022,2.3E+11,43490893766,10434332,"1,635",17060132820,13.48187656,3.18E+11,3.12E+11
Spain,1981,5.57E+11,94793719119,37758631,"1,884",71137260804,7.835126137,1.8E+11,96384874884
Spain,1982,5.64E+11,95750043784,37986012,"1,863",70767940356,7.974187259,2.54E+11,1.8E+11
Spain,1983,5.74E+11,94568509083,38171525,"1,831",69892062275,8.217039955,3.18E+11,2.54E+11
Spain,1984,5.85E+11,90046363101,38330364,"1,787",68496360468,8.534109405,3.7E+11,3.18E+11
Spain,1985,5.98E+11,96078066832,38469512,"1,777",68360322824,8.749600481,4.22E+11,3.7E+11
Spain,1986,6.18E+11,1.06E+11,38584624,"1,769",68256199856,9.048034631,4.77E+11,4.22E+11
Spain,1987,6.52E+11,1.19E+11,38684815,"1,761",68123959215,9.568478334,5.39E+11,4.77E+11
Spain,1988,6.85E+11,1.35E+11,38766939,"1,757",68113511823,10.05747005,6.09E+11,5.39E+11
Spain,1989,7.18E+11,1.51E+11,38827764,"1,754",68103898056,10.54443545,6.88E+11,6.09E+11
Spain,1990,7.45E+11,1.61E+11,38867322,"1,747",67901211534,10.97582761,7.66E+11,6.88E+11
Spain,1991,7.64E+11,1.64E+11,38966376,"1,756",68424956256,11.16912107,8.38E+11,7.66E+11
Spain,1992,7.71E+11,1.57E+11,39157685,"1,748",68447633380,11.26917148,8.95E+11,8.38E+11
Spain,1993,7.63E+11,1.43E+11,39361262,"1,740",68488595880,11.14626042,9.31E+11,8.95E+11
Spain,1994,7.82E+11,1.46E+11,39549108,"1,739",68775898812,11.36422578,9.65E+11,9.31E+11
Spain,1995,8.03E+11,1.57E+11,39724050,"1,739",69080122950,11.6261663,1.01E+12,9.65E+11
Spain,1996,8.24E+11,1.61E+11,39889852,"1,740",69408342480,11.87289671,1.05E+12,1.01E+12
Spain,1997,8.54E+11,1.7E+11,40057389,"1,743",69820029027,12.22629443,1.09E+12,1.05E+12
Spain,1998,8.9E+11,1.88E+11,40223509,"1,751",70431364259,12.64157881,1.15E+12,1.09E+12
Spain,1999,9.3E+11,2.07E+11,40386875,"1,756",70919352500,13.10810864,1.22E+12,1.15E+12
Spain,2000,9.78E+11,2.23E+11,40567864,"1,753",71107352019,13.75335568,1.29E+12,1.22E+12
Spain,2001,1.02E+12,2.32E+11,40850412,"1,762",71982510985,14.11859624,1.37E+12,1.29E+12
Spain,2002,1.04E+12,2.41E+11,41431558,"1,764",73068695689,14.2919684,1.45E+12,1.37E+12
Spain,2003,1.07E+12,2.57E+11,42187645,"1,755",74022441917,14.52249252,1.53E+12,1.45E+12
Spain,2004,1.11E+12,2.69E+11,42921895,"1,740",74679805111,14.8429856,1.62E+12,1.53E+12
Spain,2005,1.15E+12,2.88E+11,43653155,"1,724",75244943274,15.25465416,1.71E+12,1.62E+12
Spain,2006,1.19E+12,3.09E+11,44397319,"1,714",76083685570,15.69650006,1.81E+12,1.71E+12
Spain,2007,1.24E+12,3.21E+11,45226803,"1,701",76944359944,16.06935603,1.92E+12,1.81E+12
Spain,2008,1.25E+12,3.08E+11,45954106,"1,710",78586116671,15.85435138,1.99E+12,1.92E+12
Spain,2009,1.2E+12,2.55E+11,46362946,"1,716",79549542747,15.07216125,2.01E+12,1.99E+12
Spain,2010,1.2E+12,2.42E+11,46576897,"1,706",79450870903,15.10508359,2.01E+12,2.01E+12
Spain,2011,1.19E+12,2.24E+11,46742697,"1,711",79962731758,14.91235048,1.99E+12,2.01E+12
Spain,2012,1.16E+12,2.08E+11,46773055,"1,697",79359842419,14.5951366,1.96E+12,1.99E+12
Spain,2013,1.14E+12,2.01E+11,46620045,"1,690",78778552041,14.49297428,1.93E+12,1.96E+12
Spain,2014,1.16E+12,2.1E+11,46480882,"1,691",78580579109,14.75040614,1.91E+12,1.93E+12
Spain,2015,1.21E+12,2.21E+11,46444832,"1,694",78686834374,15.32867331,1.9E+12,1.91E+12
Spain,2016,1.24E+12,2.25E+11,46484062,"1,702",79092631493,15.69458923,1.9E+12,1.9E+12
Spain,2017,1.28E+12,2.4E+11,46593236,"1,692",78854392606,16.19790166,1.91E+12,1.9E+12
Spain,2018,1.31E+12,2.56E+11,46797754,"1,698",79443867190,16.46284034,1.94E+12,1.91E+12
Spain,2019,1.33E+12,2.69E+11,47134837,"1,678",79068689068,16.86535361,1.97E+12,1.94E+12
Spain,2020,1.19E+12,2.45E+11,47365655,"1,558",73786217359,16.09559698,1.98E+12,1.97E+12
Spain,2021,1.27E+12,2.51E+11,47415794,"1,633",77429991602,16.36322608,1.99E+12,1.98E+12
Spain,2022,1.35E+12,2.59E+11,47759127,"1,652",78907629629,17.04900559,2.01E+12,1.99E+12
Sweden,1981,2.42E+11,50891921671,8320503,"1,373",11424050619,21.14160736,97100000000,52521464572
Sweden,1982,2.45E+11,51224890373,8325263,"1,386",11538814518,21.19269724,1.37E+11,97100000000
Sweden,1983,2.49E+11,52948885678,8329033,"1,395",11619001035,21.44645628,1.73E+11,1.37E+11
Sweden,1984,2.6E+11,57223096504,8336605,"1,397",11646237185,22.30126523,2.1E+11,1.73E+11
Sweden,1985,2.65E+11,61744410154,8350386,"1,401",11698890786,22.68051542,2.46E+11,2.1E+11
Sweden,1986,2.72E+11,62541245226,8369829,"1,400",11717760600,23.25341462,2.79E+11,2.46E+11
Sweden,1987,2.82E+11,66358077296,8397804,"1,408",11824108032,23.8171393,3.12E+11,2.79E+11
Sweden,1988,2.89E+11,70102400470,8436489,"1,426",12030433314,24.00770562,3.45E+11,3.12E+11
Sweden,1989,2.96E+11,78116545768,8492964,"1,424",12093980736,24.51556717,3.81E+11,3.45E+11
Sweden,1990,2.99E+11,78271295101,8558835,"1,422",12170663370,24.54495118,4.14E+11,3.81E+11
Sweden,1991,2.95E+11,71372833334,8617375,"1,410",12150498750,24.30393951,4.36E+11,4.14E+11
Sweden,1992,2.92E+11,63834003111,8668067,"1,425",12351995475,23.63048182,4.47E+11,4.36E+11
Sweden,1993,2.86E+11,53027882190,8718561,"1,441",12563446401,22.75286572,4.47E+11,4.47E+11
Sweden,1994,2.97E+11,57060542162,8780745,"1,476",12960379620,22.94171501,4.5E+11,4.47E+11
Sweden,1995,3.1E+11,61759386963,8826939,"1,481",13072696659,23.67582775,4.58E+11,4.5E+11
Sweden,1996,3.15E+11,64939992209,8840998,"1,493",13199610014,23.84793594,4.68E+11,4.58E+11
Sweden,1997,3.24E+11,65772829975,8846062,"1,497",13242554814,24.49913675,4.77E+11,4.68E+11
Sweden,1998,3.38E+11,70861990737,8850974,"1,496",13241057104,25.54219159,4.91E+11,4.77E+11
Sweden,1999,3.52E+11,74961589376,8857874,"1,504",13322242496,26.45304532,5.07E+11,4.91E+11
Sweden,2000,3.69E+11,79300117835,8872109,"1,485",13175081865,27.98727052,5.26E+11,5.07E+11
Sweden,2001,3.74E+11,81277426871,8895960,"1,465",13032581400,28.67829381,5.44E+11,5.26E+11
Sweden,2002,3.82E+11,80580601867,8924958,"1,443",12878714394,29.68192575,5.59E+11,5.44E+11
Sweden,2003,3.89E+11,81498741184,8958229,"1,431",12819225699,30.3805585,5.73E+11,5.59E+11
Sweden,2004,4.06E+11,85863532734,8993531,"1,452",13058607012,31.07013144,5.91E+11,5.73E+11
Sweden,2005,4.17E+11,88580904698,9029572,"1,451",13101908972,31.83241978,6.08E+11,5.91E+11
Sweden,2006,4.37E+11,97516321677,9080505,"1,450",13166732250,33.15685577,6.33E+11,6.08E+11
Sweden,2007,4.51E+11,1.06E+11,9148092,"1,461",13365362412,33.71748114,6.63E+11,6.33E+11
Sweden,2008,4.46E+11,1.06E+11,9219637,"1,471",13562086027,32.92165627,6.89E+11,6.63E+11
Sweden,2009,4.27E+11,93139786574,9298515,"1,457",13547936355,31.55357156,7E+11,6.89E+11
Sweden,2010,4.52E+11,98737660551,9378126,"1,483",13907760858,32.50482676,7.15E+11,7E+11
Sweden,2011,4.66E+11,1.04E+11,9449213,"1,484",14022632092,33.25855117,7.33E+11,7.15E+11
Sweden,2012,4.64E+11,1.03E+11,9519374,"1,471",14002999154,33.16714284,7.48E+11,7.33E+11
Sweden,2013,4.7E+11,1.03E+11,9600379,"1,463",14045354477,33.44333377,7.62E+11,7.48E+11
Sweden,2014,4.81E+11,1.09E+11,9696110,"1,464",14195105040,33.85020526,7.79E+11,7.62E+11
Sweden,2015,5.02E+11,1.17E+11,9799186,"1,465",14355807490,34.94740815,8.03E+11,7.79E+11
Sweden,2016,5.13E+11,1.23E+11,9923085,"1,478",14666319630,35.011297,8.29E+11,8.03E+11
Sweden,2017,5.23E+11,1.27E+11,10057698,"1,466",14744585268,35.46107262,8.57E+11,8.29E+11
Sweden,2018,5.33E+11,1.29E+11,10175214,"1,465",14906688510,35.74292349,8.83E+11,8.57E+11
Sweden,2019,5.46E+11,1.29E+11,10278887,"1,453",14935222811,36.58421288,9.07E+11,8.83E+11
Sweden,2020,5.35E+11,1.31E+11,10353442,"1,426",14764008292,36.26632612,9.29E+11,9.07E+11
Sweden,2021,5.67E+11,1.41E+11,10415811,"1,447",15071678517,37.63535146,9.59E+11,9.29E+11
Sweden,2022,5.76E+11,1.41E+11,10486941,"1,440",15101195040,38.10992497,9.85E+11,9.59E+11
Switzerland,1992,4.66E+11,1.11E+11,6875364,"1,725",11862753046,39.28280253,2.17E+11,1.21E+11
Switzerland,1993,4.65E+11,1.07E+11,6938265,"1,720",11936591106,38.99062101,2.98E+11,2.17E+11
Switzerland,1994,4.71E+11,1.11E+11,6993795,"1,740",12167105162,38.73762392,3.74E+11,2.98E+11
Switzerland,1995,4.74E+11,1.17E+11,7040687,"1,720",12112093846,39.10068668,4.46E+11,3.74E+11
Switzerland,1996,4.76E+11,1.15E+11,7071850,"1,697",12000222265,39.65119284,5.08E+11,4.46E+11
Switzerland,1997,4.87E+11,1.2E+11,7088906,"1,688",11962528875,40.67559967,5.67E+11,5.08E+11
Switzerland,1998,5.01E+11,1.3E+11,7110001,"1,696",12055006696,41.58656766,6.29E+11,5.67E+11
Switzerland,1999,5.1E+11,1.34E+11,7143991,"1,717",12269090143,41.54031842,6.87E+11,6.29E+11
Switzerland,2000,5.3E+11,1.4E+11,7184250,"1,713",12304464975,43.06062872,7.45E+11,6.87E+11
Switzerland,2001,5.38E+11,1.38E+11,7229854,"1,673",12094099771,44.49991846,7.93E+11,7.45E+11
Switzerland,2002,5.38E+11,1.4E+11,7284753,"1,651",12029312629,44.70682788,8.38E+11,7.93E+11
Switzerland,2003,5.38E+11,1.39E+11,7339001,"1,665",12215767165,44.01018499,8.76E+11,8.38E+11
Switzerland,2004,5.52E+11,1.47E+11,7389625,"1,695",12525414375,44.08181924,9.17E+11,8.76E+11
Switzerland,2005,5.67E+11,1.51E+11,7437115,"1,690",12568724350,45.13786033,9.59E+11,9.17E+11
Switzerland,2006,5.9E+11,1.58E+11,7483934,"1,679",12567021973,46.98297269,1E+12,9.59E+11
Switzerland,2007,6.14E+11,1.66E+11,7551117,"1,669",12602059161,48.6872611,1.05E+12,1E+12
Switzerland,2008,6.31E+11,1.67E+11,7647675,"1,660",12691316663,49.70236097,1.09E+12,1.05E+12
Switzerland,2009,6.16E+11,1.55E+11,7743831,"1,651",12783516215,48.21027477,1.11E+12,1.09E+12
Switzerland,2010,6.36E+11,1.61E+11,7824909,"1,611",12605928399,50.47512282,1.14E+12,1.11E+12
Switzerland,2011,6.48E+11,1.65E+11,7912398,"1,608",12723135984,50.91687574,1.17E+12,1.14E+12
Switzerland,2012,6.55E+11,1.73E+11,7996861,"1,593",12738999573,51.4531616,1.2E+12,1.17E+12
Switzerland,2013,6.67E+11,1.75E+11,8089346,"1,573",12724541258,52.43478801,1.23E+12,1.2E+12
Switzerland,2014,6.83E+11,1.8E+11,8188649,"1,564",12807047036,53.32120917,1.26E+12,1.23E+12
Switzerland,2015,6.94E+11,1.83E+11,8282396,"1,577",13061338492,53.1429598,1.3E+12,1.26E+12
Switzerland,2016,7.08E+11,1.88E+11,8373338,"1,577",13204754026,53.65320219,1.33E+12,1.3E+12
Switzerland,2017,7.18E+11,1.95E+11,8451840,"1,559",13176418560,54.50133967,1.36E+12,1.33E+12
Switzerland,2018,7.39E+11,1.96E+11,8514329,"1,551",13205724279,55.93591369,1.4E+12,1.36E+12
Switzerland,2019,7.47E+11,1.98E+11,8575280,"1,549",13283108720,56.24510035,1.43E+12,1.4E+12
Switzerland,2020,7.31E+11,1.95E+11,8638167,"1,499",12946884700,56.46985137,1.45E+12,1.43E+12
Switzerland,2021,7.71E+11,2.01E+11,8704546,"1,531",13328400835,57.81107759,1.48E+12,1.45E+12
Switzerland,2022,7.9E+11,2.03E+11,8777088,"1,529",13417534426,58.90194939,1.5E+12,1.48E+12
